transaction_id,amount,product,date
1,1458.56,B,2023-01-01
2,4399.43,B,2023-01-02
3,1298.67,C,2023-01-03
4,1580.76,A,2023-01-04
5,946.03,C,2023-01-05
6,5482.97,C,2023-01-06
7,3972.28,C,2023-01-07
8,1209.11,B,2023-01-08
9,5437.17,A,2023-01-09
10,1126.61,A,2023-01-10
11,628.79,C,2023-01-11
12,457.12,B,2023-01-12
13,307.25,C,2023-01-13
14,2527.69,B,2023-01-14
15,2023.91,B,2023-01-15
16,527.09,B,2023-01-16
17,6848.1,B,2023-01-17
18,7585.8,A,2023-01-18
19,447.01,B,2023-01-19
20,25093.72,B,2023-01-20
21,2496.55,C,2023-01-21
22,6412.92,C,2023-01-22
23,18062.63,A,2023-01-23
24,6147.65,C,2023-01-24
25,9649.19,B,2023-01-25
26,25983.52,C,2023-01-26
27,569.33,A,2023-01-27
28,2318.82,C,2023-01-28
29,3058.18,C,2023-01-29
30,94.94,A,2023-01-30
31,5217.2,A,2023-01-31
32,9729.09,B,2023-02-01
33,659.12,C,2023-02-02
34,6974.14,B,2023-02-03
35,137548.12,C,2023-02-04
36,365.68,C,2023-02-05
37,3230.49,B,2023-02-06
38,8512.3,C,2023-02-07
39,14442.02,C,2023-02-08
40,823.39,C,2023-02-09
41,2464.55,A,2023-02-10
42,530.63,B,2023-02-11
43,1335.57,A,2023-02-12
44,3005.38,B,2023-02-13
45,445.43,B,2023-02-14
46,1013.8,C,2023-02-15
47,1441.24,B,2023-02-16
48,18994.26,A,2023-02-17
49,4407.03,A,2023-02-18
50,1736.75,A,2023-02-19
51,1208.83,B,2023-02-20
52,1133.38,A,2023-02-21
53,29185.54,B,2023-02-22
54,6736.18,A,2023-02-23
55,16437.12,A,2023-02-24
56,124480.24,B,2023-02-25
57,1765.76,A,2023-02-26
58,13173.2,C,2023-02-27
59,2633.57,B,2023-02-28
60,2059.79,B,2023-03-01
61,66667.73,B,2023-03-02
62,1912.16,C,2023-03-03
63,1568.08,B,2023-03-04
64,7784.81,A,2023-03-05
65,1441.07,A,2023-03-06
66,8982.87,A,2023-03-07
67,1610.25,B,2023-03-08
68,4773.81,A,2023-03-09
69,3765.1,B,2023-03-10
70,185913.06,A,2023-03-11
71,6010.69,C,2023-03-12
72,151102.99,C,2023-03-13
73,2218.81,C,2023-03-14
74,8700.33,C,2023-03-15
75,10796.84,B,2023-03-16
76,2185.16,A,2023-03-17
77,9488.37,C,2023-03-18
78,5035.79,B,2023-03-19
79,6040.63,C,2023-03-20
80,3697.82,C,2023-03-21
81,1053.05,B,2023-03-22
82,2633.67,B,2023-03-23
83,76888.34,A,2023-03-24
84,25001.77,A,2023-03-25
85,23219.23,C,2023-03-26
86,2968.91,C,2023-03-27
87,1005.38,A,2023-03-28
88,1880.39,A,2023-03-29
89,35419.93,B,2023-03-30
90,6241.19,A,2023-03-31
91,8593.83,A,2023-04-01
92,1579.93,C,2023-04-02
93,489.97,A,2023-04-03
94,5361.64,C,2023-04-04
95,6133.05,A,2023-04-05
96,1257.67,B,2023-04-06
97,35152.41,A,2023-04-07
98,2094.86,A,2023-04-08
99,9182.77,A,2023-04-09
100,13133.73,C,2023-04-10
101,6410.3,B,2023-04-11
102,10766.34,A,2023-04-12
103,6069.51,C,2023-04-13
104,14012.48,B,2023-04-14
105,17693.26,C,2023-04-15
106,23249.76,C,2023-04-16
107,2721.28,B,2023-04-17
108,2703.15,A,2023-04-18
109,12441.28,C,2023-04-19
110,4770.3,C,2023-04-20
111,7724.76,A,2023-04-21
112,436.0,A,2023-04-22
113,2698.02,B,2023-04-23
114,2981.7,B,2023-04-24
115,17815.71,B,2023-04-25
116,673.77,A,2023-04-26
117,1346.98,C,2023-04-27
118,1730.39,C,2023-04-28
119,9747.84,B,2023-04-29
120,3716.8,A,2023-04-30
121,25864.16,C,2023-05-01
122,4474.64,B,2023-05-02
123,11513.32,C,2023-05-03
124,4372.15,C,2023-05-04
125,12530.06,A,2023-05-05
126,592.86,A,2023-05-06
127,3455.93,C,2023-05-07
128,10372.72,B,2023-05-08
129,10187.07,A,2023-05-09
130,5467.43,C,2023-05-10
131,1551.63,A,2023-05-11
132,2864.43,A,2023-05-12
133,2392.67,A,2023-05-13
134,1405.21,C,2023-05-14
135,2613.56,B,2023-05-15
136,22789.64,B,2023-05-16
137,229.8,B,2023-05-17
138,1455.33,A,2023-05-18
139,757.46,C,2023-05-19
140,1103.02,A,2023-05-20
141,456.77,B,2023-05-21
142,3395.72,B,2023-05-22
143,880.96,C,2023-05-23
144,5994.02,A,2023-05-24
145,2715.13,B,2023-05-25
146,1420.58,C,2023-05-26
147,1670.22,A,2023-05-27
148,805.0,A,2023-05-28
149,93506.83,B,2023-05-29
150,7251.69,B,2023-05-30
151,827.96,A,2023-05-31
152,4943.87,A,2023-06-01
153,2370.64,B,2023-06-02
154,143.12,A,2023-06-03
155,2011.28,B,2023-06-04
156,18276.77,A,2023-06-05
157,7731.96,B,2023-06-06
158,1939.12,C,2023-06-07
159,2674.08,B,2023-06-08
160,1083.66,B,2023-06-09
161,8157.79,C,2023-06-10
162,1922.95,A,2023-06-11
163,11829.66,C,2023-06-12
164,1538.52,B,2023-06-13
165,2575.77,A,2023-06-14
166,428.56,C,2023-06-15
167,2359.28,A,2023-06-16
168,11620.48,A,2023-06-17
169,3033.97,C,2023-06-18
170,7591.04,A,2023-06-19
171,5777.82,C,2023-06-20
172,2204.27,B,2023-06-21
173,2900.27,A,2023-06-22
174,2070.47,B,2023-06-23
175,522.48,B,2023-06-24
176,3332.29,A,2023-06-25
177,2947.87,C,2023-06-26
178,9009.01,A,2023-06-27
179,1974.7,B,2023-06-28
180,2912.85,B,2023-06-29
181,2393.53,C,2023-06-30
182,12392.7,A,2023-07-01
183,2914.78,B,2023-07-02
184,3032.45,B,2023-07-03
185,3742.46,B,2023-07-04
186,611.54,C,2023-07-05
187,13866.34,B,2023-07-06
188,1618.48,B,2023-07-07
189,4007.03,A,2023-07-08
190,20634.79,A,2023-07-09
191,3760.5,B,2023-07-10
192,14259.92,B,2023-07-11
193,1380.53,A,2023-07-12
194,429.97,C,2023-07-13
195,1923.8,C,2023-07-14
196,887.42,C,2023-07-15
197,3314.59,C,2023-07-16
198,5488.83,C,2023-07-17
199,1547.67,C,2023-07-18
200,8023.4,C,2023-07-19
201,12397.07,C,2023-07-20
202,2887.98,A,2023-07-21
203,5536.55,C,2023-07-22
204,1184.44,C,2023-07-23
205,8065.65,C,2023-07-24
206,6549.09,B,2023-07-25
207,4310.84,A,2023-07-26
208,751.03,A,2023-07-27
209,1127.43,A,2023-07-28
210,732.06,C,2023-07-29
211,5806.45,C,2023-07-30
212,37036.76,B,2023-07-31
213,6024.78,A,2023-08-01
214,9355.91,C,2023-08-02
215,5410.19,A,2023-08-03
216,7164.67,B,2023-08-04
217,543.46,B,2023-08-05
218,7954.3,B,2023-08-06
219,2587.16,A,2023-08-07
220,1824.13,C,2023-08-08
221,9877.09,C,2023-08-09
222,317.4,B,2023-08-10
223,6604.18,C,2023-08-11
224,3719.94,B,2023-08-12
225,4611.73,A,2023-08-13
226,17553.98,B,2023-08-14
227,342.96,A,2023-08-15
228,1589.37,B,2023-08-16
229,3746.58,C,2023-08-17
230,357.05,C,2023-08-18
231,1273.99,B,2023-08-19
232,4567.57,C,2023-08-20
233,2319.1,C,2023-08-21
234,5101.35,C,2023-08-22
235,9058.5,A,2023-08-23
236,574.63,C,2023-08-24
237,1434.05,A,2023-08-25
238,2890.86,B,2023-08-26
239,10291.31,C,2023-08-27
240,1146.84,C,2023-08-28
241,4986.95,C,2023-08-29
242,10638.68,B,2023-08-30
243,2887.58,A,2023-08-31
244,5744.97,A,2023-09-01
245,895.49,C,2023-09-02
246,2436.28,B,2023-09-03
247,12415.44,B,2023-09-04
248,501.76,B,2023-09-05
249,3049.15,B,2023-09-06
250,5005.57,B,2023-09-07
251,3704.21,A,2023-09-08
252,10382.59,A,2023-09-09
253,6792.55,A,2023-09-10
254,10533.72,C,2023-09-11
255,9324.21,B,2023-09-12
256,375.79,C,2023-09-13
257,1691.7,B,2023-09-14
258,2373.1,A,2023-09-15
259,11444.18,C,2023-09-16
260,2208.22,A,2023-09-17
261,5675.89,B,2023-09-18
262,8677.25,B,2023-09-19
263,1686.0,B,2023-09-20
264,2497.08,A,2023-09-21
265,18771.98,B,2023-09-22
266,4969.45,A,2023-09-23
267,12060.46,C,2023-09-24
268,40054.76,B,2023-09-25
269,51823.52,B,2023-09-26
270,804.29,B,2023-09-27
271,1780.96,C,2023-09-28
272,14553.18,B,2023-09-29
273,1137.04,A,2023-09-30
274,5353.18,A,2023-10-01
275,1360.33,B,2023-10-02
276,1355.23,B,2023-10-03
277,2352.41,C,2023-10-04
278,12493.09,C,2023-10-05
279,1325.82,C,2023-10-06
280,512.33,B,2023-10-07
281,2400.48,C,2023-10-08
282,1415.14,C,2023-10-09
283,1079.63,A,2023-10-10
284,4239.79,C,2023-10-11
285,1054.26,A,2023-10-12
286,2237.87,A,2023-10-13
287,2211.82,C,2023-10-14
288,2024.78,A,2023-10-15
289,1661.25,B,2023-10-16
290,2524.64,B,2023-10-17
291,7217.13,C,2023-10-18
292,12640.5,B,2023-10-19
293,1151.82,A,2023-10-20
294,6027.17,B,2023-10-21
295,3720.78,C,2023-10-22
296,12903.33,C,2023-10-23
297,1913.08,A,2023-10-24
298,6628.34,C,2023-10-25
299,6289.57,B,2023-10-26
300,5051.3,C,2023-10-27
301,2271.55,A,2023-10-28
302,5661.29,C,2023-10-29
303,2413.84,B,2023-10-30
304,619.81,A,2023-10-31
305,2362.34,B,2023-11-01
306,4842.34,A,2023-11-02
307,3833.72,C,2023-11-03
308,277.23,A,2023-11-04
309,1525.44,A,2023-11-05
310,2159.78,C,2023-11-06
311,985.46,B,2023-11-07
312,16205.71,C,2023-11-08
313,2276.24,A,2023-11-09
314,824.47,C,2023-11-10
315,64205.18,A,2023-11-11
316,4958.57,C,2023-11-12
317,3302.32,C,2023-11-13
318,972.7,B,2023-11-14
319,822.8,A,2023-11-15
320,5436.0,B,2023-11-16
321,1994.74,A,2023-11-17
322,1492.47,C,2023-11-18
323,4184.31,A,2023-11-19
324,7933.78,B,2023-11-20
325,11009.33,B,2023-11-21
326,2938.03,B,2023-11-22
327,2538.12,A,2023-11-23
328,436.56,B,2023-11-24
329,4117.3,B,2023-11-25
330,73590.98,B,2023-11-26
331,1652.49,C,2023-11-27
332,785.45,C,2023-11-28
333,9904.05,A,2023-11-29
334,4645.11,A,2023-11-30
335,1941.21,B,2023-12-01
336,3469.12,C,2023-12-02
337,67644.39,B,2023-12-03
338,1845.37,B,2023-12-04
339,19126.39,C,2023-12-05
340,2643.38,C,2023-12-06
341,2982.85,C,2023-12-07
342,6664.68,A,2023-12-08
343,9494.59,A,2023-12-09
344,3263.39,B,2023-12-10
345,10585.79,A,2023-12-11
346,15519.49,C,2023-12-12
347,8174.25,C,2023-12-13
348,1202.12,A,2023-12-14
349,233.64,B,2023-12-15
350,2537.23,B,2023-12-16
351,4540.34,A,2023-12-17
352,1322.03,B,2023-12-18
353,405.45,B,2023-12-19
354,2251.1,B,2023-12-20
355,1162.26,C,2023-12-21
356,1481.32,C,2023-12-22
357,3192.04,A,2023-12-23
358,2334.59,C,2023-12-24
359,3784.76,B,2023-12-25
360,591.97,C,2023-12-26
361,35376.54,A,2023-12-27
362,3530.04,C,2023-12-28
363,8294.34,B,2023-12-29
364,5821.01,B,2023-12-30
365,133.05,A,2023-12-31
366,6724.08,C,2024-01-01
367,33803.76,C,2024-01-02
368,57775.37,C,2024-01-03
369,1919.01,B,2024-01-04
370,6895.29,A,2024-01-05
371,2202.12,C,2024-01-06
372,1537.28,B,2024-01-07
373,33391.77,B,2024-01-08
374,132906.06,B,2024-01-09
375,4393.15,C,2024-01-10
376,2629.79,C,2024-01-11
377,715.3,C,2024-01-12
378,5438.8,C,2024-01-13
379,760.06,C,2024-01-14
380,2625.07,C,2024-01-15
381,724.26,C,2024-01-16
382,2506.34,C,2024-01-17
383,6742.99,C,2024-01-18
384,1412.08,B,2024-01-19
385,2527.92,C,2024-01-20
386,1669.58,A,2024-01-21
387,5066.11,B,2024-01-22
388,150905.45,C,2024-01-23
389,9355.78,A,2024-01-24
390,970.17,C,2024-01-25
391,5416.97,A,2024-01-26
392,1295.1,A,2024-01-27
393,2753.54,A,2024-01-28
394,539.83,A,2024-01-29
395,491.0,B,2024-01-30
396,1763.49,B,2024-01-31
397,22112.21,A,2024-02-01
398,1539.72,C,2024-02-02
399,5944.64,A,2024-02-03
400,5193.22,B,2024-02-04
401,1497.69,C,2024-02-05
402,22234.29,B,2024-02-06
403,12182.42,B,2024-02-07
404,31257.57,C,2024-02-08
405,179794.36,A,2024-02-09
406,1907.12,A,2024-02-10
407,2648.36,A,2024-02-11
408,360.35,A,2024-02-12
409,9909.56,C,2024-02-13
410,1543.07,C,2024-02-14
411,793.26,C,2024-02-15
412,2802.67,B,2024-02-16
413,21889.54,C,2024-02-17
414,484.71,A,2024-02-18
415,14891.42,B,2024-02-19
416,1377.11,A,2024-02-20
417,771.15,A,2024-02-21
418,3006.33,C,2024-02-22
419,174.95,C,2024-02-23
420,14362.42,A,2024-02-24
421,3903.47,A,2024-02-25
422,8480.77,B,2024-02-26
423,2771.67,C,2024-02-27
424,4187.86,B,2024-02-28
425,6681.44,B,2024-02-29
426,2322.18,B,2024-03-01
427,8371.33,A,2024-03-02
428,3233.84,B,2024-03-03
429,7698.27,B,2024-03-04
430,13139.22,A,2024-03-05
431,1209.37,C,2024-03-06
432,1751.21,C,2024-03-07
433,3850.03,B,2024-03-08
434,688.93,A,2024-03-09
435,1034.58,C,2024-03-10
436,20300.01,B,2024-03-11
437,942.63,B,2024-03-12
438,1422.78,A,2024-03-13
439,949.57,B,2024-03-14
440,1829.06,C,2024-03-15
441,12019.12,A,2024-03-16
442,352.73,C,2024-03-17
443,18660.46,C,2024-03-18
444,1364.27,C,2024-03-19
445,2040.02,B,2024-03-20
446,6266.57,B,2024-03-21
447,5254.75,C,2024-03-22
448,53913.62,C,2024-03-23
449,19863.69,A,2024-03-24
450,928.96,A,2024-03-25
451,17876.21,B,2024-03-26
452,7033.63,B,2024-03-27
453,631.48,A,2024-03-28
454,15850.53,C,2024-03-29
455,5129.92,B,2024-03-30
456,685.98,C,2024-03-31
457,14488.59,A,2024-04-01
458,139.11,B,2024-04-02
459,1310.87,B,2024-04-03
460,2430.32,A,2024-04-04
461,2620.81,B,2024-04-05
462,4207.18,A,2024-04-06
463,7234.18,B,2024-04-07
464,5810.81,A,2024-04-08
465,3105.66,B,2024-04-09
466,11504.82,C,2024-04-10
467,6875.12,C,2024-04-11
468,3056.28,C,2024-04-12
469,6173.79,B,2024-04-13
470,1030.95,B,2024-04-14
471,1900.29,C,2024-04-15
472,16429.67,C,2024-04-16
473,225.39,A,2024-04-17
474,5523.07,A,2024-04-18
475,2895.65,A,2024-04-19
476,8744.74,C,2024-04-20
477,20757.34,C,2024-04-21
478,4439.85,C,2024-04-22
479,711.69,A,2024-04-23
480,27060.23,B,2024-04-24
481,5189.92,C,2024-04-25
482,342.49,B,2024-04-26
483,1780.83,B,2024-04-27
484,9076.18,B,2024-04-28
485,11826.94,A,2024-04-29
486,2961.01,B,2024-04-30
487,1321.74,C,2024-05-01
488,1359.82,A,2024-05-02
489,657.08,C,2024-05-03
490,22986.4,C,2024-05-04
491,1767.67,A,2024-05-05
492,9606.9,C,2024-05-06
493,12708.67,C,2024-05-07
494,1128.31,A,2024-05-08
495,2699.4,C,2024-05-09
496,911.77,B,2024-05-10
497,3777.35,C,2024-05-11
498,4098.74,B,2024-05-12
499,8611.51,C,2024-05-13
500,881.73,A,2024-05-14
501,7070.66,A,2024-05-15
502,8390.64,C,2024-05-16
503,3850.48,A,2024-05-17
504,1836.51,C,2024-05-18
505,809.98,A,2024-05-19
506,11171.84,B,2024-05-20
507,5747.63,C,2024-05-21
508,2126.87,B,2024-05-22
509,5580.41,B,2024-05-23
510,360.33,C,2024-05-24
511,3414.97,B,2024-05-25
512,3794.82,C,2024-05-26
513,219.82,B,2024-05-27
514,827.69,C,2024-05-28
515,27581.79,C,2024-05-29
516,6631.43,A,2024-05-30
517,1863.15,C,2024-05-31
518,2398.34,C,2024-06-01
519,841.83,B,2024-06-02
520,16230.78,C,2024-06-03
521,7861.0,A,2024-06-04
522,2047.41,B,2024-06-05
523,7642.84,B,2024-06-06
524,4084.99,A,2024-06-07
525,7886.99,B,2024-06-08
526,3050.25,B,2024-06-09
527,4392.68,B,2024-06-10
528,79.57,B,2024-06-11
529,137.72,A,2024-06-12
530,3555.15,A,2024-06-13
531,355.09,B,2024-06-14
532,6683.74,B,2024-06-15
533,2434.3,A,2024-06-16
534,1100.44,A,2024-06-17
535,7420.99,A,2024-06-18
536,1216.03,B,2024-06-19
537,3453.71,B,2024-06-20
538,21401.31,C,2024-06-21
539,4269.07,A,2024-06-22
540,1039.42,B,2024-06-23
541,269.18,A,2024-06-24
542,897.49,B,2024-06-25
543,311.62,A,2024-06-26
544,1683.34,B,2024-06-27
545,5216.75,C,2024-06-28
546,71197.43,C,2024-06-29
547,925.71,A,2024-06-30
548,2009.53,B,2024-07-01
549,89.51,B,2024-07-02
550,21884.0,A,2024-07-03
551,4931.7,B,2024-07-04
552,438.01,A,2024-07-05
553,1207.01,B,2024-07-06
554,3632.63,A,2024-07-07
555,6077.01,B,2024-07-08
556,1366.48,A,2024-07-09
557,6040.81,B,2024-07-10
558,2184.88,C,2024-07-11
559,2721.89,B,2024-07-12
560,7063.84,A,2024-07-13
561,6575.43,C,2024-07-14
562,1627.8,B,2024-07-15
563,20513.01,C,2024-07-16
564,2546.54,B,2024-07-17
565,1074.25,C,2024-07-18
566,580.67,A,2024-07-19
567,3384.88,B,2024-07-20
568,1659.89,B,2024-07-21
569,1219.4,A,2024-07-22
570,17033.9,C,2024-07-23
571,14134.78,A,2024-07-24
572,162.54,A,2024-07-25
573,7597.64,C,2024-07-26
574,7313.61,A,2024-07-27
575,5843.61,B,2024-07-28
576,20711.63,B,2024-07-29
577,1130.12,B,2024-07-30
578,5176.93,A,2024-07-31
579,4709.75,B,2024-08-01
580,1011.57,B,2024-08-02
581,10259.43,B,2024-08-03
582,2028.8,B,2024-08-04
583,490.93,B,2024-08-05
584,15911.87,B,2024-08-06
585,439.82,A,2024-08-07
586,3765.68,B,2024-08-08
587,10972.84,B,2024-08-09
588,1430.64,C,2024-08-10
589,585.29,A,2024-08-11
590,12587.97,A,2024-08-12
591,1464.17,A,2024-08-13
592,4682.99,A,2024-08-14
593,3141.08,B,2024-08-15
594,4839.06,B,2024-08-16
595,948.87,C,2024-08-17
596,2884.14,C,2024-08-18
597,2231.64,A,2024-08-19
598,1179.15,C,2024-08-20
599,3578.95,C,2024-08-21
600,18500.99,A,2024-08-22
601,3352.9,A,2024-08-23
602,13613.94,C,2024-08-24
603,11486.59,B,2024-08-25
604,5045.09,C,2024-08-26
605,1349.67,C,2024-08-27
606,9128.06,B,2024-08-28
607,2183.19,B,2024-08-29
608,1118.22,A,2024-08-30
609,677.75,A,2024-08-31
610,1380.52,C,2024-09-01
611,673.89,B,2024-09-02
612,5033.5,A,2024-09-03
613,395.39,C,2024-09-04
614,1261.19,B,2024-09-05
615,790.89,C,2024-09-06
616,32689.23,A,2024-09-07
617,1704.04,A,2024-09-08
618,4815.65,B,2024-09-09
619,1353.24,C,2024-09-10
620,1765.05,B,2024-09-11
621,2459.81,A,2024-09-12
622,2381.36,A,2024-09-13
623,16025.21,C,2024-09-14
624,2100.28,C,2024-09-15
625,5151.61,C,2024-09-16
626,899.94,B,2024-09-17
627,1337.06,C,2024-09-18
628,2400.73,C,2024-09-19
629,890.83,A,2024-09-20
630,3683.91,A,2024-09-21
631,1222.97,C,2024-09-22
632,1450.25,C,2024-09-23
633,3743.02,A,2024-09-24
634,1949.15,C,2024-09-25
635,2439.27,B,2024-09-26
636,1873.34,B,2024-09-27
637,159.72,B,2024-09-28
638,30537.62,C,2024-09-29
639,2216.24,A,2024-09-30
640,2170.22,C,2024-10-01
641,1919.48,C,2024-10-02
642,5521.03,A,2024-10-03
643,3164.43,A,2024-10-04
644,604.03,A,2024-10-05
645,1193.6,B,2024-10-06
646,18327.17,C,2024-10-07
647,3591.15,A,2024-10-08
648,7057.34,C,2024-10-09
649,2265.79,B,2024-10-10
650,989.04,B,2024-10-11
651,4924.99,A,2024-10-12
652,6238.16,A,2024-10-13
653,109483.05,C,2024-10-14
654,477.81,A,2024-10-15
655,5190.61,C,2024-10-16
656,482.29,A,2024-10-17
657,3130.99,C,2024-10-18
658,4281.89,C,2024-10-19
659,5708.75,C,2024-10-20
660,20716.78,C,2024-10-21
661,2856.15,B,2024-10-22
662,7361.43,C,2024-10-23
663,414.96,A,2024-10-24
664,1870.16,B,2024-10-25
665,2554.87,B,2024-10-26
666,9352.97,C,2024-10-27
667,429.17,B,2024-10-28
668,4858.39,C,2024-10-29
669,3062.41,A,2024-10-30
670,6868.12,C,2024-10-31
671,1111.09,B,2024-11-01
672,3056.62,A,2024-11-02
673,3714.62,C,2024-11-03
674,4199.27,A,2024-11-04
675,5538.14,A,2024-11-05
676,805.55,B,2024-11-06
677,1942.18,A,2024-11-07
678,10970.26,B,2024-11-08
679,128707.57,A,2024-11-09
680,1104.22,C,2024-11-10
681,169502.21,A,2024-11-11
682,14215.52,C,2024-11-12
683,3319.26,C,2024-11-13
684,4374.65,A,2024-11-14
685,8241.24,C,2024-11-15
686,2091.05,A,2024-11-16
687,964.99,A,2024-11-17
688,4544.79,C,2024-11-18
689,4314.17,C,2024-11-19
690,6390.08,B,2024-11-20
691,3792.13,C,2024-11-21
692,1742.74,B,2024-11-22
693,10842.28,C,2024-11-23
694,7281.05,A,2024-11-24
695,20633.37,C,2024-11-25
696,4114.66,A,2024-11-26
697,4107.43,A,2024-11-27
698,2285.86,A,2024-11-28
699,2413.75,B,2024-11-29
700,1373.12,C,2024-11-30
701,87.49,A,2024-12-01
702,24020.9,A,2024-12-02
703,1049.85,B,2024-12-03
704,1094.25,C,2024-12-04
705,1688.16,C,2024-12-05
706,4318.22,B,2024-12-06
707,9147.02,B,2024-12-07
708,1695.87,C,2024-12-08
709,2271.57,B,2024-12-09
710,180712.11,C,2024-12-10
711,2036.0,C,2024-12-11
712,11289.63,A,2024-12-12
713,872.16,A,2024-12-13
714,6465.65,C,2024-12-14
715,2929.71,C,2024-12-15
716,2279.8,C,2024-12-16
717,711.44,C,2024-12-17
718,4172.18,C,2024-12-18
719,3764.09,C,2024-12-19
720,18968.44,B,2024-12-20
721,3511.65,C,2024-12-21
722,3670.23,B,2024-12-22
723,4101.28,B,2024-12-23
724,1787.14,C,2024-12-24
725,2985.27,C,2024-12-25
726,1518.38,B,2024-12-26
727,1951.2,B,2024-12-27
728,2557.9,C,2024-12-28
729,518.5,C,2024-12-29
730,87570.18,B,2024-12-30
731,1573.03,B,2024-12-31
732,4412.05,B,2025-01-01
733,1421.26,A,2025-01-02
734,696.87,B,2025-01-03
735,5034.58,A,2025-01-04
736,833.08,C,2025-01-05
737,5571.1,C,2025-01-06
738,2032.73,B,2025-01-07
739,3209.97,C,2025-01-08
740,3440.93,C,2025-01-09
741,8648.89,C,2025-01-10
742,7116.1,C,2025-01-11
743,33832.31,A,2025-01-12
744,26667.79,A,2025-01-13
745,15511.33,B,2025-01-14
746,1566.88,B,2025-01-15
747,2319.65,B,2025-01-16
748,9315.78,C,2025-01-17
749,12530.96,C,2025-01-18
750,7474.83,A,2025-01-19
751,2138.42,A,2025-01-20
752,343.34,B,2025-01-21
753,2578.24,A,2025-01-22
754,35206.8,A,2025-01-23
755,4632.44,A,2025-01-24
756,899.59,A,2025-01-25
757,28609.77,A,2025-01-26
758,356.78,B,2025-01-27
759,7092.96,B,2025-01-28
760,8982.06,A,2025-01-29
761,317.4,B,2025-01-30
762,9850.3,C,2025-01-31
763,2303.29,A,2025-02-01
764,1480.75,C,2025-02-02
765,12843.46,B,2025-02-03
766,2174.45,B,2025-02-04
767,11352.42,C,2025-02-05
768,8819.51,B,2025-02-06
769,2486.1,A,2025-02-07
770,664.82,C,2025-02-08
771,1799.18,A,2025-02-09
772,189.54,C,2025-02-10
773,777.79,B,2025-02-11
774,1485.3,C,2025-02-12
775,4874.55,C,2025-02-13
776,6506.39,A,2025-02-14
777,2056.89,B,2025-02-15
778,2451.97,A,2025-02-16
779,1658.02,B,2025-02-17
780,3538.76,A,2025-02-18
781,7789.18,C,2025-02-19
782,5741.88,A,2025-02-20
783,6650.78,B,2025-02-21
784,3576.39,B,2025-02-22
785,4524.27,C,2025-02-23
786,2790.92,B,2025-02-24
787,1960.24,A,2025-02-25
788,1372.69,C,2025-02-26
789,209.72,B,2025-02-27
790,4762.64,B,2025-02-28
791,3943.64,A,2025-03-01
792,4599.97,A,2025-03-02
793,5279.73,C,2025-03-03
794,903.96,B,2025-03-04
795,4275.13,A,2025-03-05
796,6284.78,C,2025-03-06
797,1707.38,B,2025-03-07
798,13183.69,B,2025-03-08
799,868.52,C,2025-03-09
800,681.67,C,2025-03-10
801,14480.21,A,2025-03-11
802,135761.9,B,2025-03-12
803,1732.8,B,2025-03-13
804,4266.31,B,2025-03-14
805,928.91,C,2025-03-15
806,3004.02,A,2025-03-16
807,3931.75,B,2025-03-17
808,6157.45,C,2025-03-18
809,3611.32,B,2025-03-19
810,4983.9,A,2025-03-20
811,2878.1,B,2025-03-21
812,25700.19,A,2025-03-22
813,1820.78,A,2025-03-23
814,174924.56,B,2025-03-24
815,1116.73,B,2025-03-25
816,2091.25,A,2025-03-26
817,12367.72,C,2025-03-27
818,1447.14,A,2025-03-28
819,4955.82,B,2025-03-29
820,663.23,B,2025-03-30
821,3068.87,C,2025-03-31
822,69757.25,A,2025-04-01
823,29139.74,A,2025-04-02
824,2521.64,A,2025-04-03
825,1158.24,B,2025-04-04
826,3097.67,A,2025-04-05
827,2851.37,C,2025-04-06
828,3268.94,B,2025-04-07
829,3979.47,B,2025-04-08
830,1514.59,A,2025-04-09
831,461.97,C,2025-04-10
832,11254.2,B,2025-04-11
833,6724.49,B,2025-04-12
834,4158.26,A,2025-04-13
835,1429.49,A,2025-04-14
836,1105.16,C,2025-04-15
837,2362.81,A,2025-04-16
838,39686.64,C,2025-04-17
839,6983.76,B,2025-04-18
840,7262.75,C,2025-04-19
841,722.72,C,2025-04-20
842,16375.21,C,2025-04-21
843,1367.52,B,2025-04-22
844,5517.76,A,2025-04-23
845,4686.87,B,2025-04-24
846,5517.62,A,2025-04-25
847,8601.84,C,2025-04-26
848,130.97,C,2025-04-27
849,116.29,C,2025-04-28
850,709.77,C,2025-04-29
851,1007.83,C,2025-04-30
852,9540.95,A,2025-05-01
853,823.67,A,2025-05-02
854,21331.87,C,2025-05-03
855,926.81,B,2025-05-04
856,3720.51,B,2025-05-05
857,3368.52,C,2025-05-06
858,2579.99,A,2025-05-07
859,15481.77,B,2025-05-08
860,2451.17,B,2025-05-09
861,808.6,B,2025-05-10
862,6354.85,C,2025-05-11
863,1142.49,B,2025-05-12
864,3168.66,B,2025-05-13
865,3896.71,B,2025-05-14
866,19415.24,B,2025-05-15
867,1234.58,A,2025-05-16
868,2375.72,C,2025-05-17
869,7263.03,C,2025-05-18
870,7369.83,A,2025-05-19
871,850.84,A,2025-05-20
872,1730.43,C,2025-05-21
873,1027.63,B,2025-05-22
874,13876.78,B,2025-05-23
875,578.1,C,2025-05-24
876,2206.14,B,2025-05-25
877,2709.26,A,2025-05-26
878,314.13,B,2025-05-27
879,10894.98,B,2025-05-28
880,2884.87,B,2025-05-29
881,8640.92,C,2025-05-30
882,13552.22,A,2025-05-31
883,2978.42,B,2025-06-01
884,3051.96,C,2025-06-02
885,3305.6,B,2025-06-03
886,3378.64,A,2025-06-04
887,2059.97,B,2025-06-05
888,3648.8,A,2025-06-06
889,5687.1,B,2025-06-07
890,5420.08,A,2025-06-08
891,20944.14,B,2025-06-09
892,1324.98,A,2025-06-10
893,4041.97,B,2025-06-11
894,541.22,B,2025-06-12
895,8257.87,C,2025-06-13
896,5505.17,C,2025-06-14
897,1244.38,A,2025-06-15
898,4977.25,B,2025-06-16
899,170000.52,A,2025-06-17
900,12187.53,C,2025-06-18
901,3290.94,A,2025-06-19
902,1620.08,A,2025-06-20
903,1626.64,C,2025-06-21
904,1997.03,B,2025-06-22
905,592.78,A,2025-06-23
906,2276.0,C,2025-06-24
907,1377.16,B,2025-06-25
908,918.37,C,2025-06-26
909,143731.11,A,2025-06-27
910,8275.69,B,2025-06-28
911,6489.47,B,2025-06-29
912,433.03,C,2025-06-30
913,3994.78,C,2025-07-01
914,5976.32,C,2025-07-02
915,15496.82,B,2025-07-03
916,36586.93,B,2025-07-04
917,2542.34,A,2025-07-05
918,3649.65,B,2025-07-06
919,5225.11,A,2025-07-07
920,796.17,C,2025-07-08
921,3058.03,C,2025-07-09
922,13563.0,B,2025-07-10
923,2681.05,C,2025-07-11
924,5973.87,C,2025-07-12
925,661.73,B,2025-07-13
926,755.61,A,2025-07-14
927,4024.84,B,2025-07-15
928,2905.5,A,2025-07-16
929,947.52,B,2025-07-17
930,551.38,B,2025-07-18
931,33100.76,C,2025-07-19
932,927.34,B,2025-07-20
933,9380.29,B,2025-07-21
934,2114.97,A,2025-07-22
935,3928.78,C,2025-07-23
936,9293.14,A,2025-07-24
937,1333.09,A,2025-07-25
938,12995.0,C,2025-07-26
939,2280.52,C,2025-07-27
940,1706.94,C,2025-07-28
941,7200.12,B,2025-07-29
942,2370.29,C,2025-07-30
943,4632.0,C,2025-07-31
944,35914.6,C,2025-08-01
945,5231.9,A,2025-08-02
946,7852.18,A,2025-08-03
947,3315.58,B,2025-08-04
948,7631.72,A,2025-08-05
949,40341.31,B,2025-08-06
950,8725.86,A,2025-08-07
951,1023.08,C,2025-08-08
952,1088.93,A,2025-08-09
953,15256.95,B,2025-08-10
954,4940.23,A,2025-08-11
955,331.37,C,2025-08-12
956,898.6,B,2025-08-13
957,43371.6,C,2025-08-14
958,4074.02,C,2025-08-15
959,1437.43,B,2025-08-16
960,505.38,C,2025-08-17
961,1722.42,C,2025-08-18
962,433.08,A,2025-08-19
963,1554.32,C,2025-08-20
964,2153.07,C,2025-08-21
965,2071.82,C,2025-08-22
966,96468.18,C,2025-08-23
967,6384.74,B,2025-08-24
968,1115.31,A,2025-08-25
969,2030.8,C,2025-08-26
970,1775.89,C,2025-08-27
971,6064.32,B,2025-08-28
972,2422.28,C,2025-08-29
973,3968.1,B,2025-08-30
974,1009.83,A,2025-08-31
975,2313.79,A,2025-09-01
976,11709.77,C,2025-09-02
977,5082.32,C,2025-09-03
978,979.63,C,2025-09-04
979,5163.28,B,2025-09-05
980,11522.38,C,2025-09-06
981,8922.23,C,2025-09-07
982,1705.52,A,2025-09-08
983,2912.29,C,2025-09-09
984,81763.98,A,2025-09-10
985,281.57,C,2025-09-11
986,23679.3,A,2025-09-12
987,5333.05,C,2025-09-13
988,6671.55,A,2025-09-14
989,3203.24,B,2025-09-15
990,6879.8,A,2025-09-16
991,2735.53,A,2025-09-17
992,3422.17,A,2025-09-18
993,280.3,C,2025-09-19
994,732.23,C,2025-09-20
995,2537.32,C,2025-09-21
996,2926.69,B,2025-09-22
997,6973.39,B,2025-09-23
998,1370.53,A,2025-09-24
999,1321.79,B,2025-09-25
1000,11705.97,A,2025-09-26
1001,17420.53,A,2025-09-27
1002,848.7,A,2025-09-28
1003,9986.77,B,2025-09-29
1004,6686.31,C,2025-09-30
1005,14674.01,B,2025-10-01
1006,2164.66,A,2025-10-02
1007,12469.1,A,2025-10-03
1008,23837.57,B,2025-10-04
1009,4215.12,A,2025-10-05
1010,5373.15,A,2025-10-06
1011,456.19,B,2025-10-07
1012,3242.38,B,2025-10-08
1013,1905.69,B,2025-10-09
1014,28224.83,A,2025-10-10
1015,31943.65,A,2025-10-11
1016,1862.9,C,2025-10-12
1017,452.57,C,2025-10-13
1018,4786.74,B,2025-10-14
1019,7412.97,C,2025-10-15
1020,5875.88,A,2025-10-16
